<?xml version="1.0"?>
<ruleset name="Custom ruleset"
    xmlns="http://pmd.sf.net/ruleset/1.0.0"
    xmlns:xsi="http://www.w3.org/2001/XMLSchema-instance"
    xsi:schemaLocation="http://pmd.sf.net/ruleset/1.0.0 http://pmd.sf.net/ruleset_xml_schema.xsd"
    xsi:noNamespaceSchemaLocation="http://pmd.sf.net/ruleset_xml_schema.xsd">

  <description>Ruleset checks for MSimnake Project</description>

<!--   <rule ref="rulesets/java/basic.xml/EmptyStatementNotInLoop"/> -->
  <rule ref="rulesets/java/design.xml/AvoidProtectedFieldInFinalClass"/>
<!--   <rule ref="rulesets/java/basic.xml/EmptySwitchStatements"/> -->
<!--   <rule ref="rulesets/java/design.xml/UncommentedEmptyMethod"/> -->
  <rule ref="rulesets/java/logging-jakarta-commons.xml/ProperLogger"/>
<!--   <rule ref="rulesets/java/basic.xml/EmptyFinallyBlock"/> -->
  <rule ref="rulesets/java/junit.xml/TestClassWithoutTestCases"/>
  <rule ref="rulesets/java/finalizers.xml/AvoidCallingFinalize"/>
  <rule ref="rulesets/java/optimizations.xml/UseArrayListInsteadOfVector"/>
<!--   <rule ref="rulesets/java/basic.xml/EmptyIfStmt"/> -->
  <rule ref="rulesets/java/naming.xml/PackageCase"/>
  <rule ref="rulesets/java/design.xml/EqualsNull"/>
  <rule ref="rulesets/java/braces.xml/IfStmtsMustUseBraces"/>
<!--   <rule ref="rulesets/java/basic.xml/EmptyTryBlock"/> -->
<!--   <rule ref="rulesets/java/basic.xml/EmptyWhileStmt"/> -->
  <rule ref="rulesets/java/basic.xml/MisplacedNullCheck"/>
  <rule ref="rulesets/java/naming.xml/ClassNamingConventions"/>
  <rule ref="rulesets/java/migrating.xml/ReplaceVectorWithList"/>
  <rule ref="rulesets/java/design.xml/SimplifyConditional"/>
  <rule ref="rulesets/java/design.xml/SimplifyBooleanReturns"/>
  <rule ref="rulesets/java/logging-java.xml/MoreThanOneLogger"/>
  <rule ref="rulesets/java/naming.xml/AvoidDollarSigns"/>
  <rule ref="rulesets/java/naming.xml/NoPackage"/>
  <rule ref="rulesets/java/finalizers.xml/EmptyFinalizer"/>
  <rule ref="rulesets/java/basic.xml/JumbledIncrementer"/>
  <rule ref="rulesets/java/imports.xml/DuplicateImports"/>
  <rule ref="rulesets/java/naming.xml/VariableNamingConventions"/>
<!--   <rule ref="rulesets/java/basic.xml/UnnecessaryReturn"/> -->
  <rule ref="rulesets/java/logging-java.xml/AvoidPrintStackTrace"/>
  <rule ref="rulesets/java/strictexception.xml/AvoidCatchingThrowable"/>
  <rule ref="rulesets/java/typeresolution.xml/LooseCoupling"/>
  <rule ref="rulesets/java/basic.xml/OverrideBothEqualsAndHashcode"/>
  <rule ref="rulesets/java/braces.xml/WhileLoopsMustUseBraces"/>
  <rule ref="rulesets/java/design.xml/SwitchStmtsShouldHaveDefault"/>
  <rule ref="rulesets/java/strictexception.xml/ExceptionAsFlowControl"/>
  <rule ref="rulesets/java/codesize.xml/ExcessiveParameterList"/>
  <rule ref="rulesets/java/logging-java.xml/SystemPrintln"/>
  <rule ref="rulesets/java/imports.xml/ImportFromSamePackage"/>
  <rule ref="rulesets/java/migrating.xml/AvoidAssertAsIdentifier"/>
  <rule ref="rulesets/java/braces.xml/ForLoopsMustUseBraces"/>
  <rule ref="rulesets/java/naming.xml/SuspiciousHashcodeMethodName"/>
  <rule ref="rulesets/java/imports.xml/UnusedImports"/>
  <rule ref="rulesets/java/migrating.xml/ReplaceEnumerationWithIterator"/>
  <rule ref="rulesets/java/controversial.xml/AssignmentInOperand"/>
  <rule ref="rulesets/java/naming.xml/MethodWithSameNameAsEnclosingClass"/>
<!--   <rule ref="rulesets/java/basic.xml/EmptySynchronizedBlock"/> -->
  <rule ref="rulesets/java/braces.xml/IfElseStmtsMustUseBraces"/>
  <rule ref="rulesets/java/imports.xml/DontImportJavaLang"/>
  <rule ref="rulesets/java/design.xml/DefaultLabelNotLastInSwitchStmt"/>
  <rule ref="rulesets/java/basic.xml/UnconditionalIfStatement"/>
  <rule ref="rulesets/java/controversial.xml/DontImportSun"/>
  <rule ref="rulesets/java/naming.xml/SuspiciousEqualsMethodName"/>
  <rule ref="rulesets/java/design.xml/NonCaseLabelInSwitchStatement"/>
  <rule ref="rulesets/java/junit.xml/UnnecessaryBooleanAssertion"/>
  <rule ref="rulesets/java/logging-java.xml/LoggerIsNotStaticFinal"/>
<!--   <rule ref="rulesets/java/basic.xml/EmptyStaticInitializer"/> -->
  <rule ref="rulesets/java/migrating.xml/ReplaceHashtableWithMap"/>
  <rule ref="rulesets/java/unusedcode.xml/UnusedFormalParameter"/>
<!--   <rule ref="rulesets/java/basic.xml/UselessOperationOnImmutable"/> -->
<!--   <rule ref="rulesets/java/basic.xml/EmptyCatchBlock"/> -->

  <!-- We want to customize this rule a bit, change the priority  -->
  <rule ref="rulesets/java/design.xml/AvoidDeeplyNestedIfStmts"
    message="Deeply nested if..then statements are hard to read">
    <priority>3</priority>
    <properties>
      <property name="problemDepth" description="The if statement depth reporting threshold" value="5" />
    </properties>
  </rule>

  <rule ref="rulesets/java/codesize.xml/ExcessivePublicCount">
    <properties>
      <property name="minimum" description="The public item reporting threshold" value="150" />
    </properties>
  </rule>

  <rule ref="rulesets/java/codesize.xml/ExcessiveClassLength">
    <properties>
      <property name="minimum" description="The class size reporting threshold"  value="2500"/>
    </properties>
  </rule>

  <rule ref="rulesets/java/codesize.xml/ExcessiveMethodLength">
    <properties>
      <property name="minimum" description="The method size reporting threshold" value="200"/>
    </properties>
  </rule>

</ruleset>
