<?xml version="1.0" encoding="UTF-8"?>
<!DOCTYPE module PUBLIC "-//Puppy Crawl//DTD Check Configuration 1.3//EN" "http://www.puppycrawl.com/dtds/configuration_1_3.dtd">

<!--
    This configuration file was written by the eclipse-cs plugin configuration editor
-->
<!--
    Checkstyle-Configuration: bakis-checkstyle
    Description: none
-->
<module name="Checker">
  <property name="severity" value="warning"/>
  <module name="TreeWalker">
    <module name="ArrayTypeStyle">
      <property name="severity" value="warning"/>
    </module>
    <module name="TodoComment">
      <property name="severity" value="ignore"/>
      <metadata name="net.sf.eclipsecs.core.lastEnabledSeverity" value="info"/>
    </module>
    <module name="UpperEll">
      <property name="severity" value="warning"/>
    </module>
    <module name="AvoidNestedBlocks">
      <property name="severity" value="warning"/>
    </module>
    <module name="EmptyBlock">
      <property name="severity" value="warning"/>
      <property name="tokens" value="LITERAL_CATCH, LITERAL_DO, LITERAL_ELSE, LITERAL_FINALLY, LITERAL_IF, LITERAL_FOR, LITERAL_TRY, LITERAL_WHILE, STATIC_INIT"/>
    </module>
    <module name="LeftCurly">
      <property name="severity" value="warning"/>
      <property name="tokens" value="CLASS_DEF, CTOR_DEF, INTERFACE_DEF, LITERAL_CATCH, LITERAL_DO, LITERAL_ELSE, LITERAL_FINALLY, LITERAL_FOR, LITERAL_IF, LITERAL_SWITCH, LITERAL_SYNCHRONIZED, LITERAL_TRY, LITERAL_WHILE, METHOD_DEF"/>
    </module>
    <module name="NeedBraces">
      <property name="severity" value="warning"/>
      <property name="tokens" value="LITERAL_DO, LITERAL_ELSE, LITERAL_IF, LITERAL_FOR, LITERAL_WHILE"/>
    </module>
    <module name="RightCurly">
      <property name="severity" value="warning"/>
      <property name="tokens" value="LITERAL_CATCH, LITERAL_ELSE, LITERAL_TRY"/>
    </module>
    <module name="EmptyStatement">
      <property name="severity" value="warning"/>
    </module>
    <module name="EqualsHashCode">
      <property name="severity" value="warning"/>
    </module>
    <module name="HiddenField">
      <property name="severity" value="warning"/>
      <property name="ignoreConstructorParameter" value="true"/>
      <property name="ignoreSetter" value="true"/>
    </module>
    <module name="IllegalInstantiation">
      <property name="severity" value="warning"/>
    </module>
    <module name="InnerAssignment">
      <property name="severity" value="warning"/>
    </module>
    <module name="MagicNumber">
      <property name="severity" value="warning"/>
      <property name="tokens" value="NUM_DOUBLE, NUM_FLOAT, NUM_INT, NUM_LONG"/>
      <property name="ignoreHashCodeMethod" value="true"/>
      <property name="ignoreAnnotation" value="true"/>
    </module>
    <module name="MissingSwitchDefault">
      <property name="severity" value="warning"/>
    </module>
    <module name="SimplifyBooleanExpression">
      <property name="severity" value="warning"/>
    </module>
    <module name="SimplifyBooleanReturn">
      <property name="severity" value="warning"/>
    </module>
    <module name="HideUtilityClassConstructor">
      <property name="severity" value="warning"/>
    </module>
    <module name="VisibilityModifier">
      <property name="severity" value="warning"/>
    </module>
    <module name="AvoidStarImport">
      <property name="severity" value="warning"/>
    </module>
    <module name="IllegalImport">
      <property name="severity" value="warning"/>
    </module>
    <module name="RedundantImport">
      <property name="severity" value="warning"/>
    </module>
    <module name="UnusedImports">
      <property name="severity" value="warning"/>
    </module>
    <module name="JavadocMethod">
      <property name="severity" value="warning"/>
      <property name="scope" value="public"/>
      <property name="allowMissingPropertyJavadoc" value="true"/>
    </module>
    <module name="JavadocType">
      <property name="severity" value="warning"/>
    </module>
    <module name="ConstantName">
      <property name="severity" value="warning"/>
    </module>
    <module name="LocalFinalVariableName">
      <property name="severity" value="warning"/>
    </module>
    <module name="LocalVariableName">
      <property name="severity" value="warning"/>
    </module>
    <module name="MemberName">
      <property name="severity" value="warning"/>
    </module>
    <module name="MethodName">
      <property name="severity" value="warning"/>
    </module>
    <module name="PackageName">
      <property name="severity" value="warning"/>
    </module>
    <module name="ParameterName">
      <property name="severity" value="warning"/>
    </module>
    <module name="StaticVariableName">
      <property name="severity" value="warning"/>
    </module>
    <module name="TypeName">
      <property name="severity" value="warning"/>
    </module>
    <module name="LineLength">
      <property name="severity" value="info"/>
      <property name="max" value="180"/>
      <property name="tabWidth" value="4"/>
    </module>
    <module name="MethodLength">
      <property name="severity" value="warning"/>
      <property name="max" value="100"/>
      <property name="tokens" value="METHOD_DEF, CTOR_DEF"/>
    </module>
    <module name="ParameterNumber">
      <property name="severity" value="warning"/>
      <property name="max" value="10"/>
      <property name="tokens" value="METHOD_DEF, CTOR_DEF"/>
    </module>
    <module name="EmptyForIteratorPad">
      <property name="severity" value="warning"/>
    </module>
    <module name="NoWhitespaceAfter">
      <property name="severity" value="ignore"/>
      <property name="tokens" value="ARRAY_INIT, BNOT, DEC, DOT, INC, LNOT, UNARY_MINUS, UNARY_PLUS"/>
      <metadata name="severity" value="info"/>
      <metadata name="net.sf.eclipsecs.core.lastEnabledSeverity" value="inherit"/>
    </module>
    <module name="NoWhitespaceBefore">
      <property name="severity" value="warning"/>
      <property name="allowLineBreaks" value="true"/>
      <property name="tokens" value="SEMI, POST_DEC, POST_INC"/>
      <metadata name="severity" value="info"/>
    </module>
    <module name="OperatorWrap">
      <property name="severity" value="warning"/>
      <property name="tokens" value="BAND, BOR, BSR, BXOR, COLON, DIV, EQUAL, GE, GT, LAND, LE, LITERAL_INSTANCEOF, LOR, LT, MINUS, MOD, NOT_EQUAL, PLUS, QUESTION, SL, SR, STAR"/>
    </module>
    <module name="ParenPad">
      <property name="severity" value="warning"/>
      <property name="tokens" value="CTOR_CALL, METHOD_CALL, SUPER_CTOR_CALL"/>
    </module>
    <module name="WhitespaceAfter">
      <property name="severity" value="warning"/>
      <property name="tokens" value="COMMA, SEMI, TYPECAST"/>
    </module>
    <module name="WhitespaceAround">
      <property name="severity" value="warning"/>
      <property name="tokens" value="ASSIGN, BAND, BAND_ASSIGN, BOR, BOR_ASSIGN, BSR, BSR_ASSIGN, BXOR, BXOR_ASSIGN, COLON, DIV, DIV_ASSIGN, EQUAL, GE, GT, LAND, LCURLY, LE, LITERAL_ASSERT, LITERAL_CATCH, LITERAL_DO, LITERAL_ELSE, LITERAL_FINALLY, LITERAL_FOR, LITERAL_IF, LITERAL_RETURN, LITERAL_SYNCHRONIZED, LITERAL_TRY, LITERAL_WHILE, LOR, LT, MINUS, MINUS_ASSIGN, MOD, MOD_ASSIGN, NOT_EQUAL, PLUS, PLUS_ASSIGN, QUESTION, RCURLY, SL, SLIST, SL_ASSIGN, SR, SR_ASSIGN, STAR, STAR_ASSIGN"/>
    </module>
	<module name="SuppressionCommentFilter"/>
  </module>
  <module name="SuppressionFilter">
    <property name="file" value="${samedir}checkstyle_supressions.xml"/>
  </module>
</module>